,videoId,title,description,thumbnail,publishedat
0,uE-w1XQVlYM,Choi Ung &amp; Yeon-Su Â» To get to you. [Our Beloved Summer +1x12],HD is better - [SPOILERS EP01-12] (turn on the CC for ENG/PT subtitles!) âPlease keep loving me. Don't let go and keep loving ...,https://i.ytimg.com/vi/uE-w1XQVlYM/default.jpg,2022-01-11 23:07:56
1,cIVoPSXez_U,my first kdrama ğŸ’“#herprivatelife  #kdramaloverskdramauniverse#kdramaaddict #koreandrama#koreandramas,repost @kdramaice __ my first kdrama . . . Kdrama: her private life Credits: luvkdrama Tags #herprivatelife #kdramalovers ...,https://i.ytimg.com/vi/cIVoPSXez_U/default.jpg,2022-01-12 00:14:34
2,F6-ZSbh1ulg,ESTRENOS DE KDRAMAS âš¡ENEROâš¡| FioreBluâœ—,Hola a todos :) Hoy les traigo un videos con los #KDRAMAS que se estrenan este mes de enero. Tenemos varias propuestas ...,https://i.ytimg.com/vi/F6-ZSbh1ulg/default.jpg,2022-01-12 00:11:46
3,CERN0sz1-vU,ğ‰ğ¢ğ¬ğ¨ğ¨ ğ± ğ‰ğ®ğ§ğ  ğ‡ğšğğ¢ğ§ ğ‚ğ®ğ­ğ &amp; ğ’ğ°ğğğ­ ğ¦ğ¨ğ¦ğğ§ğ­ | ğ’ğ§ğ¨ğ°ğğ«ğ¨ğ© [Behind The Scene],Watch HD and wear headphones for the best experience!! â–» I made this video to heal our hearts Enjoys~~~. Edit: Changie ...,https://i.ytimg.com/vi/CERN0sz1-vU/default.jpg,2022-01-12 00:00:13
4,9sRM8sq8-GQ,[#TrueBeauty] Hija de la familia Im | #EntretenimientoKoreano,Activa CC para subtÃ­tulos en espaÃ±ol!â­ï¸ No olvides de seguirnos: http://www.youtube.com/c/TVcoreanadeentretenimiento ...,https://i.ytimg.com/vi/9sRM8sq8-GQ/default.jpg,2022-01-11 23:00:09
5,FqkntO4OB2w,They both risk their lives to protect their #love ğŸ’— #shorts #kdrama #girl #whatsappstatus #cdrama,,https://i.ytimg.com/vi/FqkntO4OB2w/default.jpg,2022-01-12 00:11:12
6,cZ2Mw0EKvoU,Curiosidades de Happiness (kdrama),ãƒ®â—•)ï¾‰*:ï½¥ï¾Ÿâœ§ FOLLLOW ME ///OPEN-ABREME// Mis redes sociales: â˜† Twitter: https://twitter.com/heynialee â˜† Instagram: heynialee ...,https://i.ytimg.com/vi/cZ2Mw0EKvoU/default.jpg,2022-01-11 22:45:01
7,FYk76brWSfQ,Korean Mix Hindi Songsâ¤Chinese love storyâ¤new korean love storyâ¤#k_Mix â¤tanha jaccson.,klovestudio #tanhajaccson keep supporting. These All Things Are Copyrighted We Just Edited And Published To ...,https://i.ytimg.com/vi/FYk76brWSfQ/default.jpg,2022-01-11 22:45:00
8,2Em2S0ZgIeA,â€œBecause you love youngroâ€- hope not | snowdrop ep-9,Because you love youngroâ€- hope not | snowdrop ep-9 If you find my channel entertaining .then kindly subscribe to my channel.,https://i.ytimg.com/vi/2Em2S0ZgIeA/default.jpg,2022-01-11 22:54:24
9,rK9T_QEJ-qs,Our Beloved Summer Ep-12 Review [Eng Sub],"Watch in HD, Hope you enjoyed the edit ^_^. -------------------------------------------------------------------- I do not own anything except ...",https://i.ytimg.com/vi/rK9T_QEJ-qs/default.jpg,2022-01-11 23:35:05
10,_xYbWdM5om4,[#TrueBeauty] Â¿Por quÃ© estÃ¡ tan guapo? | #EntretenimientoKoreano,Activa CC para subtÃ­tulos en espaÃ±ol!â­ï¸ No olvides de seguirnos: http://www.youtube.com/c/TVcoreanadeentretenimiento ...,https://i.ytimg.com/vi/_xYbWdM5om4/default.jpg,2022-01-12 00:00:09
11,UpeP2Yvl3g4,kdrama cute couples caring partner status in tamil,,https://i.ytimg.com/vi/UpeP2Yvl3g4/default.jpg,2022-01-12 00:04:30
12,5Z4WoFm2L5U,à®“ à®®à¯ˆ à®•à¯‹à®¸à¯à®Ÿà¯!EP.2|KOREAN DRAMA EXPLAINED IN TAMIL|THRILLER|ROMANTIC|COMEDY,Korean dramas explained in tamil any suggestions are welcome please don't do copy right strike I really work hard for this ...,https://i.ytimg.com/vi/5Z4WoFm2L5U/default.jpg,2022-01-11 23:30:01
13,crbPema7NIU,Zitten (ì§™ì€) - I Open My Eyes (ëˆˆì„ ëœ¬ë‹¤)(ê·¸ëƒ¥ ì‚¬ë‘í•˜ëŠ” ì‚¬ì´ OST) Just Between Lovers / Rain Or Shine OST Part 1,"Promo Only~ single from the â€œ Just Between Lovers (Rain Or Shine) â€œ OST in 2018 *Please don't cut, edit or re-upload. *Watch in ...",https://i.ytimg.com/vi/crbPema7NIU/default.jpg,2022-01-11 23:01:27
14,7pvvdQABvLA,Deok Im &amp; San -- The Red Sleeve,"I felt so conflicted about this drama. Of course it's excellent, but the romance here is fundamentally flawed. Not flawed because ...",https://i.ytimg.com/vi/7pvvdQABvLA/default.jpg,2022-01-11 23:53:12
15,kf5t0DSwKD8,Reset song (kdrama)study motivation,copyrighted from YouTube.,https://i.ytimg.com/vi/kf5t0DSwKD8/default.jpg,2022-01-11 22:40:00
16,j_unwlYBJ7E,Os melhores doramas de dinastia na NETFLIX!,"Fala dorameiros! Se liga na dica de hoje, que estÃ¡ muito legaaaal No vÃ­deo de hoje eu vou indicar para vocÃªs 7 doramas ...",https://i.ytimg.com/vi/j_unwlYBJ7E/default.jpg,2022-01-11 22:30:10
17,ftHZBGpWxBE,This scene â£ï¸ #kd #kdramas #whileyouweresleeping #suzybae,,https://i.ytimg.com/vi/ftHZBGpWxBE/default.jpg,2022-01-11 23:32:13
18,2bNKjhmpWpE,The king of WWE Mahabali shera I proud my India | Super track official | 2022,"Don't forget to like, comment, share & subscribe [Thanks for watching this video] Keywordsâˆš sad songs, wwe, India,hindi sad ...",https://i.ytimg.com/vi/2bNKjhmpWpE/default.jpg,2022-01-11 22:30:01
19,CqXzmeX58Aw,ğŸ¤£ğŸ¤£ğŸ¤¦,Ø§Ø±Ù…ÙŠ #Ø¨Ù„ÙŠÙ†Ùƒ #kdrama #kpop #Ø¹Ø§Ù„Ù…_ÙƒÙˆØ±ÙŠØ§ #ÙƒÙŠØ¨ÙˆØ¨ #Ø¯Ø±Ø§Ù…Ø§ #Ø¨ÙŠ_ØªÙŠ_Ø§Ø³ #blankpink #ÙƒÙˆØ±ÙŠØ§.,https://i.ytimg.com/vi/CqXzmeX58Aw/default.jpg,2022-01-11 23:52:35
20,Dpz3V6UfUxk,Love Twist Episode 23 Preview English Sub | ì‚¬ë‘ì˜ ê½ˆë°°ê¸°,Love Twist (2021) Other name: ì‚¬ë‘ì˜ ê½ˆë°°ê¸° Sarangui Kkwabaegi Salangui Kkwabaegi Twists of Love #lovetwistep23preview ...,https://i.ytimg.com/vi/Dpz3V6UfUxk/default.jpg,2022-01-11 22:42:48
21,XbCEZcTfeQA,ì–‘íŒŒ(Yangpa) -  Happy End - The One and Only OST Part 1 Lyrics [English translation]- Eng sub í•œ ì‚¬ëŒë§Œ,Yangpa - Happy End (The One and Only OST Part 1) [OST] í•œ ì‚¬ëŒë§Œ OST Part.1 Artist: ì–‘íŒŒ (Yangpa) Genre: Drama OST ...,https://i.ytimg.com/vi/XbCEZcTfeQA/default.jpg,2022-01-11 22:46:10
22,BTif32aBUIM,ÙØªÙŠØ§Ù† Ù‚Ø¨Ù„ Ø§Ù„Ø²Ù‡ÙˆØ± Ø§Ù„ØªØ§ÙŠÙ„Ù†Ø¯ÙŠ ğŸ‡¹ğŸ‡­â™¥ï¸ Ø¬ÙˆØ±ÙŠØ§ ÙˆØ¨Ø±Ø§ÙŠØª #f4thailand,,https://i.ytimg.com/vi/BTif32aBUIM/default.jpg,2022-01-11 23:17:48
23,sjl4pTmw6LU,Ø§Ù„Ù…Ø±Ø£Ø© Ø§Ù„Ù‚ÙˆÙŠØ© Ø¯Ùˆ Ø¨ÙˆÙ†Øº Ø³ÙˆÙ† ğŸ˜­ğŸ˜„#kpopÂ #korea #music #shorts #cute #blackpink #talent #kdrama #love #lisa,,https://i.ytimg.com/vi/sjl4pTmw6LU/default.jpg,2022-01-11 23:12:50
24,FzNmzb5fC5c,Ø¨Ø­Ø¨ Ø®Ù†Ø§Ù‚ØªÙ‡Ù… ğŸ˜‚ğŸ˜‚ÙØªÙŠØ§Ù† Ù‚Ø¨Ù„ Ø§Ù„Ø²Ù‡ÙˆØ± Ø§Ù„ØªØ§ÙŠÙ„Ù†Ø¯ÙŠ ğŸ‡¹ğŸ‡­â™¥ï¸#f4thailand,,https://i.ytimg.com/vi/FzNmzb5fC5c/default.jpg,2022-01-11 23:10:10
25,Rye4F3GN61U,ÙƒØ«ÙŠØ± Ù„Ø·ÙŠÙÙŠÙ† ğŸ˜â¤ï¸â¤ï¸Ù…Ø³Ù„Ø³Ù„ Ø­Ø¨ Ù„Ø§ÙŠÙ†Ø³Ù‰ #kdrama#ÙƒÙŠØ¯Ø±Ø§Ù…Ø§#kpop#Ø§Ù„ÙƒÙŠØ¨ÙˆØ¨#Ù…Ø³Ù„Ø³Ù„Ø§Øª_ØµÙŠÙ†ÙŠØ©_ÙŠÙ†ØµØ­_Ø¨Ù…Ø´Ø§Ù‡Ø¯ØªÙ‡Ø§,,https://i.ytimg.com/vi/Rye4F3GN61U/default.jpg,2022-01-11 23:57:09
26,fFqjkEtIO9g,snowdrop / jisoo,snowdrop #jisoo.,https://i.ytimg.com/vi/fFqjkEtIO9g/default.jpg,2022-01-11 23:52:26
27,-V0EZej_vTA,Artificial City Episode 11 Preview English Sub | ê³µì‘ë„ì‹œ,Artificial City (2021) Other name: ê³µì‘ë„ì‹œ Gongjagdosi Sabotage City Peacock City Gong Jak City Gong Jag City Duke City ...,https://i.ytimg.com/vi/-V0EZej_vTA/default.jpg,2022-01-11 23:10:56
28,zpRD8U1LH4w,#bts #bgmi #kpop#korea #music #shorts #cute #blackpink #live  #talent# #bhfyp  #kdrama #love #lisa,,https://i.ytimg.com/vi/zpRD8U1LH4w/default.jpg,2022-01-11 23:10:45
29,8Pfbi9Qg5pU,[enhypen] Jay had to dance cute with Sunoo...he really hates acting aegyo â˜ ğŸ¤£,enhypen #sunoo #jay #jaysun #jaywon #jakehoon #sunki #IVE #blessed_cursed #enhypen_blessed_cursed ...,https://i.ytimg.com/vi/8Pfbi9Qg5pU/default.jpg,2022-01-11 22:28:17
30,zHlfNsFPGOY,ÙƒØ´Ù Ø³Ø± Ø§Ù… Ù…ÙˆØ³Ù‰ ÙˆØ³Ø± Ø§Ù„Ø¯Ù…ÙŠØ© Ø§Ù„Ø°ÙŠ ØªØ­Ù…Ù„Ù‡Ø§ Ù…Ù† Ø§Ù„Ù‚Ø·Ù† ÙˆÙ„Ø¹ÙŠØ§Ø° Ø¨Ø§Ù„Ù„Ù‡(The secret of women and the world ),ÙƒØ´Ù Ø³Ø± Ø§Ù… Ù…ÙˆØ³Ù‰ ÙˆØ³Ø± Ø§Ù„Ø¯Ù…ÙŠØ© Ø§Ù„Ø°ÙŠ ØªØ­Ù…Ù„Ù‡Ø§ Ù…Ù† Ø§Ù„Ù‚Ø·Ù† ÙˆÙ„Ø¹ÙŠØ§Ø° Ø¨Ø§Ù„Ù„Ù‡(The secret of women and the world ) Ø¨Ø« Ù…Ø¨Ø§Ø´Ø± ÙÙŠ Ø¨ÙŠØª Ø§Ù„Ù…Ø¬ÙˆØ³ ÙˆÙ„Ø¹ÙŠØ§Ø° ...,https://i.ytimg.com/vi/zHlfNsFPGOY/default.jpg,2022-01-11 23:12:24
31,AZ9Kg8OxC7c,[#GhostDoctor] Um comeÃ§o repentino com Kim Beom ?! | #OndaK,Ligue CC para legendas em portuguÃªs!â­ï¸ NÃ£o esqueÃ§a de seguir: https://www.youtube.com/c/OndaKoreia - #OndaKoreia ...,https://i.ytimg.com/vi/AZ9Kg8OxC7c/default.jpg,2022-01-11 22:45:00
32,UW-2Whc6y_8,my kpop stan list | 2022,hope you enjoyed the video -â€”â€” Interested in collabing? â€”) Google signup form : https://forms.gle/yzEAQ6TNfyPpk86S8 my ...,https://i.ytimg.com/vi/UW-2Whc6y_8/default_live.jpg,2022-01-11 23:47:47
33,xleO5pG1U-I,#kpop  Ù„ÙŠØ³Ø§ ØŒ Ø´ÙˆÙÙˆ Ø´Ùˆ ÙƒÙŠÙˆØªğŸ˜ğŸ¥ºÂ  #korea #music #shorts #cute #blackpink #talent #kdrama #love #lisa,,https://i.ytimg.com/vi/xleO5pG1U-I/default.jpg,2022-01-11 23:10:11
34,QIG3-vS-W6M,I love minmin ğŸ¥°ğŸ¥° BUT Jung it hyunğŸ¥µğŸ¥µ#parkhyungsik #happiness #kdramakpoplover #shorts,,https://i.ytimg.com/vi/QIG3-vS-W6M/default.jpg,2022-01-11 22:43:30
35,MuUODwJQXa0,IU Song||Ak Edits ğŸ˜‰âœŒï¸,Original Song Link -https://youtu.be/TgOu00Mf3kI English cover Link - https://youtu.be/FrEyMqX7Y60 korea #korean #koreanpop ...,https://i.ytimg.com/vi/MuUODwJQXa0/default.jpg,2022-01-11 22:54:01
36,UQeSfnnOXyE,Conocemos el mundo de la moda con Now We Are Breaking Up,"Doramaniacos! Un episodio especial, donde tuvimos que regrabar, algunos problemas de sonido, pero donde pusimos con la TÃ­a ...",https://i.ytimg.com/vi/UQeSfnnOXyE/default.jpg,2022-01-11 23:24:27
37,LSf1COK1Y7I,study motivational video ğŸ˜ğŸ˜ğŸ˜ğŸ˜ğŸ˜,study motivational video study motivational motivational video motivational video study education motivation video study ...,https://i.ytimg.com/vi/LSf1COK1Y7I/default.jpg,2022-01-11 23:19:12
38,ek4gkG_mEmI,Ø¨ØªØ³ ğŸ˜­#bts #bgmi #kpop#korea #music #shorts #cute #blackpink #live  #talent# #bhfyp  #kdrama #love,,https://i.ytimg.com/vi/ek4gkG_mEmI/default.jpg,2022-01-11 23:11:24
39,Kke3JpQdI7Q,Extra ordinary you ğŸ’#dorama#kdrama,,https://i.ytimg.com/vi/Kke3JpQdI7Q/default.jpg,2022-01-12 00:12:58
40,zkDYeb6sI4o,so sweet ğŸ¥°#dorama#kdrama,,https://i.ytimg.com/vi/zkDYeb6sI4o/default.jpg,2022-01-12 00:10:05
41,65aIkaQ3lxo,#ParkBoYoung #ParkHyungSik  #trending #shorts #viralvideo  #kdrama,no profit is generated by the content fair use of content Disclaimer This video features materials protected by the Fair Use ...,https://i.ytimg.com/vi/65aIkaQ3lxo/default.jpg,2022-01-11 22:25:14
42,c0QMSwlwem8,KIM HEE SEON - Ekspresi (2017 - 2021),KIM HEE SEON adalah aktor wanita Korea Selatan yang sudah merintis karirnya sejak usia 11 thn dan bahkan tahun 1998 sudah ...,https://i.ytimg.com/vi/c0QMSwlwem8/default.jpg,2022-01-11 22:45:16
43,X4jQ-x2FCXg,Interview with Hae Hun Matos | Houston Asian American Archive - Oral History Collection,"Interviewee: Hae Hun Matos Interviewer: Gina Matos Interview Date: August 2, 2021 Transcribed by: Gina Matos Reviewed by: ...",https://i.ytimg.com/vi/X4jQ-x2FCXg/default.jpg,2022-01-12 00:08:35
44,pBJ7L8ACbdE,funny scene ğŸ˜‚ğŸ˜‚kdrama â¤ï¸â¤ï¸ kdrama â¤ï¸ğŸ˜˜ğŸ¥° ğŸ¥°ğŸ¥°ğŸ¥°,,https://i.ytimg.com/vi/pBJ7L8ACbdE/default.jpg,2022-01-12 00:15:39
45,IQBVDMfoHMU,sadğŸ˜­#dorama#kdrama#litlemom,,https://i.ytimg.com/vi/IQBVDMfoHMU/default.jpg,2022-01-12 00:15:18
46,Er09zkMBRcU,she got between the fight ğŸ˜¯ğŸ¥ºğŸ¥ºğŸ˜ŸHeir â¤ï¸â¤ï¸ kdrama ğŸ¥°ğŸ¥°ğŸ¥°ğŸ¥°,,https://i.ytimg.com/vi/Er09zkMBRcU/default.jpg,2022-01-12 00:12:56
47,c4AY2VUSO6Q,school 2019â¤ï¸â¤ï¸â¤ï¸â¤ï¸kdrama ğŸ¥°ğŸ¥°ğŸ¥°ğŸ¥°,,https://i.ytimg.com/vi/c4AY2VUSO6Q/default.jpg,2022-01-12 00:18:45
48,3ZHB3keevaE,oh my God ğŸ˜¯ğŸ˜¯what are the students ğŸ˜‚ğŸ˜‚ kdrama â¤ï¸â¤ï¸â¤ï¸â¤ï¸,,https://i.ytimg.com/vi/3ZHB3keevaE/default.jpg,2022-01-12 00:13:56
49,bBOnQRjuwt8,My Kdrama Playlist,Subscribe to my Telegram Channel: https://t.me/dhey12.,https://i.ytimg.com/vi/bBOnQRjuwt8/default.jpg,2022-01-11 22:58:30
0,sDKc_ulIIBA,The Battle Cats | Fire Kingdom Dynamite,"Pretty chill stage, not gonna lie. Mostly meatshielding and hoping you don't screw up. My startoff involves sending out one Manic ...",https://i.ytimg.com/vi/sDKc_ulIIBA/default.jpg,2022-01-11 23:13:35
1,FXsOi2EuTJw,Funny cats videos #shorts #youtubeshorts #funnyvideos #catlover,Funny cats videos #shorts #youtubeshorts #catlover.,https://i.ytimg.com/vi/FXsOi2EuTJw/default.jpg,2022-01-11 22:28:01
2,yDpcLypEjR4,Try Not To Laugh âœª Funny videos with cats #17,Funny videos with cats 2022 part 17 This edited video is for entertainment purposes only. I'm just trying to make everyone laugh ...,https://i.ytimg.com/vi/yDpcLypEjR4/default.jpg,2022-01-11 22:59:27
3,zaBP_gTUfv0,cats and kittens baby cats cute and funny cat kitten meowing cat compilation teddy kittens cute cat,shorts #cat_funny in this video you see #my_cat #polite_cat #Funniest_cats make you laugh out loud | #Cutest_animals ...,https://i.ytimg.com/vi/zaBP_gTUfv0/default.jpg,2022-01-11 22:35:10
4,cHEHZK7BzjI,2da parte de Cats â¤ï¸,,https://i.ytimg.com/vi/cHEHZK7BzjI/default.jpg,2022-01-11 22:57:22
5,JOkw6EZcZGU,POOR CATS FAILED MARRIAGE #shorts,Funny cat marriage #funnycat #catfunnymomment Credit : dede.suherlan.75 on Instaggram Â©ï¸ All Rights and Credits Reserved ...,https://i.ytimg.com/vi/JOkw6EZcZGU/default.jpg,2022-01-11 23:03:12
6,VisDFbWWxoA,C.A.T.S Turbo Stars,,https://i.ytimg.com/vi/VisDFbWWxoA/default.jpg,2022-01-11 22:42:15
7,RwyxKsAOfAg,so cute cats #shorts,cat #meme #memes #shorts cat meme.,https://i.ytimg.com/vi/RwyxKsAOfAg/default.jpg,2022-01-11 23:30:03
8,zzTVdCDpIkY,Obsessed playing kitten funniest cats viral animal lovers videos #shorts #viral #laugh #fun #cat,youtubeshorts #trends #fun #laugh# #viral #cats #pets #animals #kitten #cute Funny Cats .Check out these funny video of cat and ...,https://i.ytimg.com/vi/zzTVdCDpIkY/default.jpg,2022-01-11 22:35:11
9,FNQCIRuubzg,Watch this cutest kittens dream meow cats animals heartwarming pet lovers videos #shorts #fun #cute,kitten #beauty #memes #meme #animals #pets #funnypets #cats #bestofmemes #beastmode #catmemes Funny Cats .Check out ...,https://i.ytimg.com/vi/FNQCIRuubzg/default.jpg,2022-01-11 22:30:28
10,r3KFsKDjVlI,The funniest cats and dogs of 2022ğŸ±ğŸ¶,The funniest cats and dogs of 2022     Subscribe to the channel: ...,https://i.ytimg.com/vi/r3KFsKDjVlI/default.jpg,2022-01-11 23:12:21
11,5Nw0rHYnNnc,subscribe to the kit cats,,https://i.ytimg.com/vi/5Nw0rHYnNnc/default.jpg,2022-01-11 22:46:48
12,976MLvNp1xM,CATS ARE VIBING #1,This video is only for entertainment purposes. Enjoy it! #cats #funnymoments #catlover #cuties #cute.,https://i.ytimg.com/vi/976MLvNp1xM/default.jpg,2022-01-11 22:54:21
13,-47xFSVY48g,ğŸ¤£ Funniest ğŸ¶ Dogs and ğŸ˜» Cats - Awesome Funny Pet Animals Life Videos ğŸ˜‡ #Short,Enjoy new funniest and very cute compilation of the week about try not laugh funny animals' life video. Cats are surely the most ...,https://i.ytimg.com/vi/-47xFSVY48g/default.jpg,2022-01-11 22:37:59
14,r07OCcNErOQ,ğŸ¤£ Funniest ğŸ¶ Dogs and ğŸ˜» Cats - Awesome Funny Pet Animals Life Videos ğŸ˜‡ #Short,Enjoy new funniest and very cute compilation of the week about try not laugh funny animals' life video. Cats are surely the most ...,https://i.ytimg.com/vi/r07OCcNErOQ/default.jpg,2022-01-11 22:30:34
15,Ex4fan8e-7c,Cat &amp; Cat | Funny Cat | Cat Meow Meow | Happy And Smart Cats | TIKTOK 2022,Cat & Cat | Funny Cat | Cat Meow Meow | Happy And Smart Cats | TIKTOK 2022.,https://i.ytimg.com/vi/Ex4fan8e-7c/default.jpg,2022-01-11 22:32:44
16,wZkx0PIzJ7A,Funniest Cats ğŸ˜»ğŸ˜» #cats #funnycats,"Funny Cats #shorts Funny Cats #shorts #funnycats #cats Funny Cats hd, funny new cat videos, new cats, Funny animals, ...",https://i.ytimg.com/vi/wZkx0PIzJ7A/default.jpg,2022-01-11 22:30:08
17,gAQu44WLwR0,Cats are friends with hamsters #shorts #videoshorts #youtubeshorts,"Cats are friends with hamsters #shorts #videoshorts #youtubeshorts cat videos, cat tv, catholic mass, cats meowing, catholic mass ...",https://i.ytimg.com/vi/gAQu44WLwR0/default.jpg,2022-01-11 22:49:29
18,NC3HZloohMI,ğŸ¤£ Funniest ğŸ¶ Dogs and ğŸ˜» Cats - Awesome Funny Pet Animals Life Videos ğŸ˜‡ #Short,Enjoy new funniest and very cute compilation of the week about try not laugh funny animals' life video. Cats are surely the most ...,https://i.ytimg.com/vi/NC3HZloohMI/default.jpg,2022-01-11 22:27:26
19,LUrK1qBhG9c,ğŸ¤£ Funniest ğŸ¶ Dogs and ğŸ˜» Cats - Awesome Funny Pet Animals Life Videos ğŸ˜‡ #Short,Enjoy new funniest and very cute compilation of the week about try not laugh funny animals' life video. Cats are surely the most ...,https://i.ytimg.com/vi/LUrK1qBhG9c/default.jpg,2022-01-11 22:32:23
20,KIrjzcVLwu0,ğŸ¤£ Funniest ğŸ¶ Dogs and ğŸ˜» Cats - Awesome Funny Pet Animals Life Videos ğŸ˜‡ #Short,Enjoy new funniest and very cute compilation of the week about try not laugh funny animals' life video. Cats are surely the most ...,https://i.ytimg.com/vi/KIrjzcVLwu0/default.jpg,2022-01-11 22:30:03
21,n0UNMIctnvQ,Funny CatsğŸ˜ğŸ˜…,shorts.,https://i.ytimg.com/vi/n0UNMIctnvQ/default.jpg,2022-01-11 23:00:14
22,s8TTQLtxvxg,ğŸ¤£ Funniest ğŸ¶ Dogs and ğŸ˜» Cats - Awesome Funny Pet Animals Life Videos ğŸ˜‡ #Short,Enjoy new funniest and very cute compilation of the week about try not laugh funny animals' life video. Cats are surely the most ...,https://i.ytimg.com/vi/s8TTQLtxvxg/default.jpg,2022-01-11 22:30:18
23,nRaPwjZrYqw,ğŸ¤£ Funniest ğŸ¶ Dogs and ğŸ˜» Cats - Awesome Funny Pet Animals Life Videos ğŸ˜‡ #Short,Enjoy new funniest and very cute compilation of the week about try not laugh funny animals' life video. Cats are surely the most ...,https://i.ytimg.com/vi/nRaPwjZrYqw/default.jpg,2022-01-11 22:25:40
24,KREYdczuIV4,ğŸ¤£ Funniest ğŸ¶ Dogs and ğŸ˜» Cats - Awesome Funny Pet Animals Life Videos ğŸ˜‡ #Short,Enjoy new funniest and very cute compilation of the week about try not laugh funny animals' life video. Cats are surely the most ...,https://i.ytimg.com/vi/KREYdczuIV4/default.jpg,2022-01-11 22:28:28
25,dMWYrmLpBFo,ğŸ¤£ Funniest ğŸ¶ Dogs and ğŸ˜» Cats - Awesome Funny Pet Animals Life Videos ğŸ˜‡ #Short,Enjoy new funniest and very cute compilation of the week about try not laugh funny animals' life video. Cats are surely the most ...,https://i.ytimg.com/vi/dMWYrmLpBFo/default.jpg,2022-01-11 22:26:55
26,Dl7yaI9IBJY,Funny And Cute Cat&#39;s-2015 ğŸ± Life Cats And Owners Are Theest Friends Videos ğŸ˜‚ğŸ¶,fanny dogs compilation - 2015|fanny dogs compilation fanny dog|best fanny dogs compilation fanny dogs 2015]dogs compilation ...,https://i.ytimg.com/vi/Dl7yaI9IBJY/default.jpg,2022-01-11 22:29:07
27,q2gdVuBVqBQ,Cat &amp; Cat | Funny Cat | Cat Meow Meow | Happy And Smart Cats | TIKTOK 2022,Cat & Cat | Funny Cat | Cat Meow Meow | Happy And Smart Cats | TIKTOK 2022.,https://i.ytimg.com/vi/q2gdVuBVqBQ/default.jpg,2022-01-11 23:01:56
28,qPnB8Pu2XOQ,Funniest Cats And Dogs Videos - Best Funny Animal Videos 2022,Who says dogs and cats can't be friends? This is probably one of the most unfortunate myths that people actually believe.,https://i.ytimg.com/vi/qPnB8Pu2XOQ/default.jpg,2022-01-11 23:03:38
29,ra3ycrsXSzY,Cats Birthday,Julian Santos goes to cats birthday at Dave and Busters.,https://i.ytimg.com/vi/ra3ycrsXSzY/default.jpg,2022-01-11 23:00:18
30,clojfA4FQjw,Baby Cats - Cute and Funny Cat Videos | Funny Cat Videos 2022,Baby Cats - Cute and Funny Cat Videos | Funny Cat Videos 2022 Subscribe Comedy Store channel for more comedy and ...,https://i.ytimg.com/vi/clojfA4FQjw/default.jpg,2022-01-11 22:29:26
31,PFonR_8HfnQ,| Bloom | Warrior Cats Ultimate Edition MEME | (TYSM FOR 40 SUBS!),"Thank you all for your support, we finally reached the 40 SUBS!! , that's why we bring you a small MEME based on OCs from ...",https://i.ytimg.com/vi/PFonR_8HfnQ/default.jpg,2022-01-11 23:30:09
32,prlJ6Hf2CQw,Dog &amp; Cat Friendships are Magical ~ Cutest Dogs and Cats ~TIKTOK Compilation ~ Magical Fluffy Beasts,Dog & Cat Friendships are Magical ~ Cutest Dogs and Cats TIKTOK Compilation ~ Magical Fluffy Beasts Cutest puppies and ...,https://i.ytimg.com/vi/prlJ6Hf2CQw/default.jpg,2022-01-11 23:15:00
33,Lfnlk6s1-8I,Cats also have the joy of being a mother#fyp #foryou #foryoupage #cute #cat,Cats also have the joy of being a mother#fyp #foryou #foryoupage #cute #cat.,https://i.ytimg.com/vi/Lfnlk6s1-8I/default.jpg,2022-01-11 23:31:51
34,8iId7xVOqRw,eater cats ğŸˆ  grabber,,https://i.ytimg.com/vi/8iId7xVOqRw/default.jpg,2022-01-11 22:48:57
35,CxLgaisYgzc,#petcat #share #catsÂ  #foryougape #pettoys #foryou #shorts #tiktok .,"cats, cats sound, cats funny, cats voice, cats game, cats on trees, cats playing, cats and dogs, cats song, cats video #petcat #share ...",https://i.ytimg.com/vi/CxLgaisYgzc/default.jpg,2022-01-11 22:26:00
36,_-_pkJhslVA,((Live)) 2022 Varsity Football Conference (AR) Conway Wampus Cats vs Cabot Panthers,Watch Live : https://more.insidethegames.us/hs-football.php?match=Conway-Wampus-Cats-vs-Cabot-Panthers-Varsity-Football ...,https://i.ytimg.com/vi/_-_pkJhslVA/default.jpg,2022-01-11 23:04:44
